student_id,reg_no,first_name,last_name,email,department,semester
STU001,2023CS001,John,Doe,john.doe@university.edu,Computer Science,3
STU002,2023CS002,Jane,Smith,jane.smith@university.edu,Computer Science,3
STU003,2023MATH001,Alice,Johnson,alice.johnson@university.edu,Mathematics,2
STU004,2023PHYS001,Bob,Wilson,bob.wilson@university.edu,Physics,4
STU005,2023CHEM001,Carol,Brown,carol.brown@university.edu,Chemistry,1